                  epoch,             train/loss,  metrics/accuracy_top1,  metrics/accuracy_top5,               val/loss,                 lr/pg0,                 lr/pg1,                 lr/pg2
                      1,                  1.269,                0.82815,                      1,                 1.2592,             0.00023247,             0.00023247,             0.00023247
                      2,                0.56214,                0.94222,                      1,                 1.0284,             0.00044718,             0.00044718,             0.00044718
                      3,                0.31496,                0.98963,                      1,                0.97595,             0.00063833,             0.00063833,             0.00063833
